Prénom,Nom,Téléphone,Email,Adresse
Alice,Martin,+44 6 12 34 56 78,alice.martin@example.com,15 Rue des Lilas - Paris 75010
Bob,Durand,06 78 90 12 34,bob.durand@example.com,29 Boulevard de la République - Lyon 69002
Charlie,Dupont,+33    1 23 45    67 89,charlie.dupont@example.com,8 Rue du Marché - Lille 59800
David,Lefevre,+33 4 56 78 90,david.lefevre@example.com,12 Avenue de la Liberté - Toulouse 31000
Eve,Rousseau,+33-7-89-01-23-45,eve.rousseau@example.com,21 Rue de l'Invalide - Bordeaux 33000
Frank,Pierre,+33 6 98 76 54 32,frank.pierre@example.com,50 Rue de la Paix - Paris 75002
Grace,Lambert,07 12 34 56 78,grace.lambert@example.com,75 Avenue des Champs - Marseille 13001
Henry,Morel,+33/2-12/34 56 78,henry.morel@example.com,14 Rue des Fleurs - Nantes 44000
Isabelle,Blanc,0033/1/23/45/67/89,isabelle.blanc@example.com,30 Rue du Port - Rennes 35000
Julien,Dumas,+33 09 87 65 43 21,julien.dumas@example.com,5 Rue de la Montagne - Nice 06000
